Voltage (V),Current (A),Temperature (Â°C),Vibration (mm/s),Label
232.48357076505616,12.936847506259685,50.002070649181974,2.3535478631986764,Normal
229.3086784941441,13.94140352490756,49.90699678861385,1.7440694383302466,Normal
233.23844269050346,16.237373095695812,46.72105283487082,3.3704096939838664,Normal
237.61514928204014,17.258648875079,51.551906838589794,3.4294578020440074,Normal
228.82923312638331,20.930020703441443,58.25098264667635,3.4644543122673,Normal
228.8293152152541,14.806742186753558,41.328697842890996,1.4384120646267204,Normal
237.89606407753695,13.133573184708805,43.41883510924743,3.9898550733375573,Normal
233.83717364576455,16.50665152075448,46.96273971223335,2.350942504895707,Normal
227.65262807032525,12.744345558997388,36.54129076526785,3.626380405668633,Normal
232.7128002179298,16.128554776053473,41.807421402785025,1.4973803861682402,Normal
227.68291153593768,13.995488567611753,45.23779126455341,1.7014032623903734,Normal
227.6713512321487,15.423189940760787,58.74389180712728,2.2740273526720856,Normal
231.20981135783018,17.182092204329336,52.62561329001925,2.1518776096139396,Normal
220.43359877671102,14.778533141838608,51.93589911367545,3.2548119434691696,Normal
221.37541083743483,16.865758168657244,58.50897962167972,1.7678706814515457,Normal
227.18856235379513,16.746317097238297,48.62628211600603,3.1646149903103566,Normal
224.93584439832787,11.271336943381812,53.904648499288896,2.7322345071326533,Normal
231.57123666297636,13.196798507928856,48.96778247067504,1.7866077813928514,Normal
225.45987962239394,11.876386277209058,52.653623493996285,2.6546766174823135,Normal
222.93848149332354,19.00347420506027,44.17241342388418,1.5267349531669512,Normal
237.32824384460778,14.789216149125348,25.61182841723571,4.350205800005721,Normal
228.87111849756732,18.561658425933285,48.65720837813696,-0.664332321074447,Normal
230.33764102343963,11.734095438916032,64.2274813609994,2.672943204495039,Normal
222.8762590689327,13.854463150902948,59.26215402241593,0.23540409072295287,Normal
227.27808637737408,16.600996483531944,59.653974845911705,1.7743432967819315,Normal
230.55461294854933,15.358549208853368,62.36130721806218,1.914391910528754,Normal
224.24503211288848,16.065719785626918,50.88657590961437,3.507633558913684,Normal
231.87849009172837,12.492383532413486,51.973157074055955,1.3078477879231096,Normal
226.99680655040598,17.75360698575786,43.8234810456565,3.308011915661778,Normal
228.5415312510336,16.55403219151458,46.8392714397295,0.8211833597752032,Normal
226.99146693885302,15.803251010982947,56.15771149771142,3.346669723754866,Normal
239.26139092254468,13.628779437836384,62.038844371688164,1.525654558096527,Normal
229.93251387631034,15.647600255211891,48.60553724319001,2.0734345192411188,Normal
224.7114453552205,14.41702004201302,45.498107351485885,1.663621336889596,Normal
234.11272456051594,11.699017579924476,50.005279588565976,3.282363474115604,Normal
223.8957817501449,14.899154296557025,56.01206748929115,3.0877398432337477,Normal
231.04431797502377,14.686539203554949,35.56145183866458,2.443501720584525,Normal
220.2016493806011,17.12480301975024,27.03819046862762,0.8481316154132259,Normal
223.35906975550785,10.531147115371596,44.494631505084165,1.2849781319697573,Normal
230.98430617934562,15.470399657709402,37.79287574085841,0.9714234744938746,Normal
233.69233289997706,12.688863903788565,44.91859802352689,-0.24814288679216334,Normal
230.85684140594987,15.638446684391093,48.52219681182528,3.2613181018500463,Normal
229.4217585880588,15.748560111154612,45.467515909769865,1.672176473657303,Normal
228.49448152205355,14.826310445739617,64.52467534470745,1.6615060357077027,Normal
222.60739004816287,16.614586249622167,53.2674476460232,3.49610223342556,Normal
226.40077895802645,12.508467881800602,53.004743596108284,1.5240113976136325,Normal
227.69680614520107,17.2154409005634,56.22207144043402,1.1595290643140692,Normal
235.28561113109458,13.583842267611717,38.61166882219231,1.7752543794850153,Normal
231.7180914478423,11.888202699020209,60.391117874202685,0.8673309481231037,Normal
221.18479922318633,14.455208059000382,49.2423571346454,2.344355769287956,Normal
231.620419846974,10.80968495464003,56.70480617241213,1.6263379217358296,Normal
228.07458859791842,15.508347784492404,39.28142766959844,1.4927285894061875,Normal
226.61538999847022,14.481499114839549,34.46241233983936,1.406096827979698,Normal
233.05838144420434,17.46737384275207,58.17889658025029,1.8937785061579886,Normal
235.15499761247975,16.297848421013992,53.76409526097517,2.083481125519851,Normal
234.656400595581,12.21600732562398,40.9794844564249,1.4800249115924782,Normal
225.8039123838868,13.32322501776423,41.303369187253054,1.6412340639048533,Normal
228.4539381207439,16.041328841068417,61.254347844147695,1.9184771731806511,Normal
231.6563171570178,16.694158019970068,38.10588107132672,1.817581864460461,Normal
234.8777256356118,17.445001829773762,66.42672953255963,2.031075966875014,Normal
227.60412881077355,17.429018570610697,40.99379265352131,1.3233291967519862,Normal
229.0717051166809,14.82095477950419,56.38391925608383,3.0045929091264902,Normal
224.46832512996986,15.725311244502338,46.71381524251015,2.096828177409517,Normal
224.01896687959663,17.597477007887594,56.03187431082343,1.4961532471751227,Normal
234.06262911197098,14.393383076128103,44.558859978858074,2.344384217378535,Normal
236.78120014285412,15.759452373880247,48.37207093927706,1.9256314011812854,Normal
229.63994939209834,14.346238440640697,50.40919175395721,0.26617364551633194,Normal
235.01766448946012,13.898103771069145,39.978125442185274,2.340952690221626,Normal
231.80818012523818,15.096770236571606,57.408243454201255,0.9804937976158128,Normal
226.7744012269744,13.624913097320817,44.867864335284146,2.9344277832313073,Normal
231.80697802754207,14.738168054460502,47.714000846599816,1.758250361106553,Normal
237.69018283232984,12.930090270935734,40.056506253914876,2.780070297391064,Normal
229.82086980445024,14.620011225635242,24.376663412046895,1.369781446802393,Normal
237.82321827907003,15.896780587231722,48.08972237399831,2.06992926714064,Normal
216.9012744795513,13.822472927586409,74.12615421612915,3.210243500506876,Normal
234.10951252187613,15.018583505061825,57.84604287898024,1.7309834535851774,Normal
230.43523534119086,15.278685187242528,49.80739620265605,1.4091829012641952,Normal
228.50496324767067,15.90506978364267,47.37109170791732,2.6550406137817895,Normal
230.4588038826775,14.732840317389568,50.22465892812046,2.6356615967509605,Normal
220.06215542699553,17.171732683735613,55.4711911517521,1.4512508665851813,Normal
228.90164056081244,10.798162277096164,38.19187184691155,0.01453897958223771,Normal
231.78556285755874,20.875505694335548,61.143216946688725,1.3899770225016441,Normal
237.38947022370758,13.257732471924967,57.15381315441244,2.677359521686422,Normal
227.40864890863176,15.806780046708155,57.18185725707934,1.224965810576276,Normal
225.95753198553408,13.123064179588303,54.38475738809727,1.9890621629838043,Normal
227.49121478207732,16.288536319018604,50.1961665769399,1.3425150620336561,Normal
234.57701058851038,15.553138305189856,56.7286123596682,0.0678328374739503,Normal
231.64375554829843,13.69857292530982,55.91814133741378,1.3245188229600722,Normal
227.3511989811648,17.146174690820626,46.45959289058976,2.6731320206897125,Normal
232.56633716556678,14.672078240796157,44.26398227103099,-0.37025248006581224,Normal
230.4853877467402,16.094431876114008,51.01856295261987,2.2521673504755757,Normal
234.84322495266446,13.165680389607928,65.49020151495188,0.8139307686005868,Normal
226.48973453061325,14.93822472885684,37.60892924346099,2.608442069474192,Normal
228.36168926701117,19.00681453436421,35.324747342475604,2.7143189358736532,Normal
228.0394592343392,16.925931058228258,51.647608412365166,1.828052065088724,Normal
222.6824252593394,15.615241510902104,50.50887701856018,1.830331841218778,Normal
231.48060138532287,14.102158344780408,51.73341664370408,1.1936373028636986,Normal
231.30527636089946,15.134997071750018,52.439531979085004,0.654416599895034,Normal
230.0255672832123,15.395131980344765,47.76797745365195,3.6980929063337333,Normal
228.82706433312427,15.89845686983949,64.89863438602082,1.1349285728288723,Normal
222.92314628974793,12.846678983644669,33.99096021523484,3.5677961311964723,Normal
227.8967733861732,16.33681592188473,41.71502975219754,1.1404999601998231,Normal
228.28642741736616,12.820813803410694,48.96745239850953,2.525190390337728,Normal
225.98861365389192,18.262251704563745,33.568111888458326,0.8621928403463652,Normal
229.19357144166995,13.456743355166243,48.241455955679285,2.523395016902015,Normal
232.02025428407268,15.59325663935235,66.61470165728018,1.6744126428468782,Normal
239.43092950605265,17.010285146556036,50.20886488295962,1.6874838393243297,Normal
230.87288906415918,14.495239913071101,52.30700905718683,2.6100231697844505,Normal
231.28775195361382,15.681200038199718,37.3983523482742,1.530858634920902,Normal
229.62777042116917,17.870363098380103,43.83638591960523,0.5718515045549024,Normal
220.4061439235048,16.128805975786534,46.24803619676063,2.7613055634094525,Normal
229.86743062275391,15.711101259348705,46.82284903243766,0.8540994100176718,Normal
230.30115104970514,11.630429210359075,62.81643795003769,2.51651728439791,Normal
242.31621056242642,13.132555494519554,55.57691060725124,2.9729965453330003,Normal
229.03819517609438,17.093840255300023,38.88542043062968,1.6245061136477825,Normal
231.50773671166806,16.139900610682766,52.46504778432005,3.182352844091784,Normal
229.82644115147377,16.442932547570148,54.98221748496785,2.481783707861284,Normal
224.15660981190234,16.270793864429795,61.40149038521267,1.3041385798552243,Normal
235.71411407257511,17.57951305675075,65.80540686568374,3.4014290022660747,Normal
233.75966516343388,14.477200150089754,39.84905808172131,0.8583281782606096,Normal
233.95515973521523,15.240999917578602,41.89142488789662,1.6232995700964346,Normal
225.4530627260263,12.942651333741832,37.42422141085384,1.793685196380671,Normal
237.0139715546805,12.443954833127247,47.659801408930186,2.6052237010182555,Normal
222.9907446860386,11.712518568823885,54.663583744463345,3.1154332973811343,Normal
232.93428546900134,13.229673002000304,59.87334516589102,3.0527915569027133,Normal
240.9522781290499,18.105123630979286,49.24048976357477,2.223748319574306,Normal
225.04731837434656,11.894545864367924,46.80152476745156,1.7197308955364332,Normal
227.16851135198613,14.392928028845605,51.51757992248741,0.17401575837236982,Normal
230.4982568254382,12.413709352707684,41.64857098369977,0.6858541455447835,Normal
227.482621729419,13.798052073993277,70.89538721694774,3.766655489291436,Normal
222.24668284466935,15.339387584704038,33.923389728819416,0.1639280124974607,Normal
230.34281487403013,13.599768253589984,51.847405788957246,1.2155093567578903,Normal
224.68848143136947,17.179329730032922,70.2360621922964,3.1446062820500895,Normal
232.3679621531759,18.067956241699132,50.067998445599976,2.209713299197367,Normal
225.40287882883098,10.50180854388812,48.099609649985055,2.928045071005692,Normal
237.7496720250877,13.634015339297754,46.42554577189573,2.5428283512706766,Normal
226.08373353831882,15.118284244544844,48.19608318237592,3.4695825373608864,Normal
228.38969241897163,17.25223405203076,63.728484746765304,2.295427286564885,Normal
234.06758608684834,14.091511449693476,27.88138088670493,2.6634477291515113,Normal
223.84567841783021,14.960129209508379,65.33433701296326,1.2757534679416596,Normal
231.13729967302064,12.686511549896103,35.76042847549855,2.586332975578137,Normal
236.53571377141213,11.93440829547531,47.333476707655855,1.6038739020107713,Normal
221.96258382719387,17.890769379165867,45.707555797013384,1.5468941320192875,Normal
230.92316929266153,11.351860252214127,55.8855326977072,2.8947235146471377,Normal
231.29941397124213,19.65723801684313,34.01875648116253,2.901623376059364,Normal
233.90911435888654,16.450302798763484,54.62172666081943,3.6884421557461313,Normal
223.8152464456096,16.359946151033512,70.24309623286852,3.623263185486201,Normal
223.39771693457863,16.15093733498886,36.368259954071895,2.9173151613587756,Normal
232.60970782808448,14.494628623998072,51.89706167610396,0.2795543897632875,Normal
231.48492336616593,15.784169059401739,43.38017822203391,3.8276809829496963,Normal
231.25246425172938,14.62220662443105,54.25887206193036,2.9179676706663624,Normal
231.73224104748488,16.106146552880958,50.19147777415752,1.2341399099136974,Normal
226.59987639210755,14.932626946182568,43.5851309095569,2.728909155562782,Normal
231.161268485805,13.09930363379653,54.87872284871074,0.9627342590372716,Normal
231.4653623664934,13.258854767476487,68.04348109786743,2.6186301201097417,Normal
226.42824290986817,13.031455249414993,48.09096208272701,0.6837299589259007,Normal
239.3288725557238,16.941801463868618,57.19757942148182,1.1917815912133636,Normal
232.36916460455893,13.765106775081804,37.06727042128836,2.7099291292005265,Normal
224.04348251398676,11.17579367783028,40.43563623181991,3.0728867429928934,Normal
233.28276804316914,15.79367733169761,54.72406277880377,2.32543685943381,Normal
225.12659164886338,18.029035125179163,64.84116028535965,1.7138313633120292,Normal
233.93542301871227,16.546166378355053,53.5561334878566,-0.11486629501699053,Normal
235.792977895037,13.793352869556575,46.86941969476845,1.7909789003486403,Normal
225.89658840824146,11.826376568809822,49.99291405423354,2.533485076824528,Normal
234.81688064622162,14.731463793284979,37.495922660302824,1.683234894064353,Normal
232.0639046346825,14.68155224380658,56.045153263553665,1.9774220589055818,Normal
234.11030079997244,13.061600779372467,58.82333062323409,1.8143825320820792,Normal
239.48396491326974,16.102074604485075,45.4790966716692,1.6782937821785664,Normal
228.77305941998566,18.693253001660946,45.299578522404985,2.0758773899598126,Normal
226.23131917821254,15.444565434916568,52.658782296520485,1.7273054178475395,Normal
225.55242785187238,15.320952413997691,45.63280263959405,3.443289553631942,Normal
225.92094857517282,13.125543902332355,49.338673853741774,-0.2064188483837328,Normal
229.61449145292949,17.794829406120744,70.99721789166516,1.4541574140289224,Normal
231.7057598740832,14.849711666379967,47.52974299254004,1.1297437764827747,Normal
231.3834539966501,13.842073489611659,46.41659847978778,2.21911060003441,Normal
234.1359162451801,15.127376787303232,43.52458194364841,2.0771447858831262,Normal
230.06500945938953,15.943922666493219,57.441919714999365,3.6221931015494286,Normal
237.26767038578657,15.278430817289806,48.18775826781897,3.9511420482977946,Normal
228.67671583381022,17.412306791341184,43.506269616785744,1.226916544429519,Normal
243.6008458329481,15.767943105093725,63.21304032273012,2.0005000650336293,Normal
233.12833673882503,14.43211637823493,64.19603004513637,2.1963044169243555,Normal
225.7142122179186,15.80238443265378,43.99576434261295,1.202186251662664,Normal
224.64553750969444,15.999274202251915,31.33460048639384,2.628382036037623,Normal
232.4123620762159,12.407248161472316,60.07513689836922,1.7604926312350555,Normal
228.88268607337073,17.29883945652743,43.15370174239996,0.9323651493990222,Normal
233.57000247046045,14.398191961277282,57.90625599162769,1.720431695733457,Normal
232.36618812286773,14.44935355298914,30.298961822881644,1.0023254272593514,Normal
229.63585543671564,16.50275197415189,58.92597338299309,3.0366468294192557,Normal
225.76603140965798,16.49433044851916,37.88828070719219,3.9015592551136704,Normal
222.42576387657067,13.598336642267828,57.307641190665244,2.2448193738945394,Normal
227.7674252396649,16.605803236291372,50.142730678364344,2.111276768053276,Normal
234.28199397161737,13.879103697020952,40.460605806033556,2.152434766874186,Normal
231.070468720651,18.63914609339731,45.929636870732196,3.182234028938315,Normal
223.77130610644005,13.343612037468473,56.86318456956701,3.160699003597183,Normal
230.8659046292559,15.478954923411793,51.05894453115234,1.884346431451769,Normal
231.9265868986442,13.435964726184785,55.844129804724844,2.2525899273790913,Normal
225.58071281899433,19.44539125827015,69.76440584515485,2.6526464071770786,Normal
230.76862552972764,12.524358111825768,34.357583882889486,0.862312543449266,Normal
230.29104359223,16.04872549450582,66.17212574968624,3.2126082374204565,Normal
224.28514851084688,13.5301791710444,51.04355937523213,3.734831891227228,Normal
231.78893680174141,14.291784717104026,41.01215951676872,3.165032104839457,Normal
232.80392263184117,15.907075667490352,36.696863742610105,0.7544060883854451,Normal
235.41525621587638,17.449168875252287,48.10879609222967,0.02999954458112586,Normal
235.26901026017453,18.246793124598092,59.2165011192446,2.7087186735179314,Normal
223.11165316021453,11.92610407994736,48.724508796224654,1.2398105510379136,Normal
225.3108748004244,15.535502448728923,65.11154930247348,2.287133354122986,Normal
232.57517633604328,17.918987206767042,35.48824309948441,3.5351487200075487,Normal
232.56892975456105,11.629378122476119,49.87911052153945,1.34304482360159,Normal
232.57523843153024,15.628766988109694,37.47606555586881,1.62244534359104,Normal
249.2636574532736,14.995832405159632,53.63631882624968,2.276722972588316,Normal
232.85445255346585,15.829083628759577,58.868873900973,0.7024903600177694,Normal
235.677828200903,13.45539194934705,45.792382063189464,1.2421438039941237,Normal
234.77000881746602,12.12876234357312,23.95786143372866,2.024857503751269,Normal
233.25695625652898,11.17378714964195,51.98948146796494,1.6995451311822487,Normal
228.42365377679826,16.952767906924205,54.367385517335094,2.6084077537992263,Normal
233.79484610246635,17.20809827296671,54.042947549616976,4.765979614439267,Normal
226.13587392731213,15.605370697991972,62.35782191822154,2.0991383394181247,Normal
228.81590696629996,13.931703300623806,39.28946320350951,1.1582880539619909,Normal
227.57318226085448,11.75390821306851,56.802161054504495,3.4182403547575646,Normal
230.4093706969316,16.12669092501005,61.92507512477975,0.41118152467977875,Normal
241.57329283336753,12.79844143432663,32.21412415993483,0.6110918289708926,Normal
220.66367403704126,13.577402750478925,53.19651825918977,1.4048965613522766,Normal
233.43130095187257,13.826871840874563,44.958201689923285,1.7171132794803745,Normal
221.93642064405174,14.604929548606064,49.18477326898354,1.3809272634827914,Normal
227.64034067105283,13.481919105582703,53.476764835383364,1.9684876755769771,Normal
235.44475298483684,15.066917541984605,45.12771435886448,2.274741902746345,Normal
230.32140009547732,13.756363398987217,43.24291920838388,3.068959535275138,Normal
224.61127611035346,16.402746129678444,50.34152417488025,2.091188273843782,Normal
226.42348145370016,17.062125827976107,39.12754061137197,1.4380537523048984,Normal
233.39798874467337,15.217085352056877,39.141748711148146,3.014645386439412,Normal
226.34816684141433,15.925252670762205,56.79373282956503,1.1822845242698694,Normal
231.08229294790988,19.23571189925178,38.51205964841344,0.3673972543126769,Normal
230.22785919951906,12.654793486277368,56.66312500909212,3.2059560179045423,Normal
226.7419982619709,12.53306379743979,54.62591292853951,3.1418532448109717,Normal
240.71972044662664,16.38999580155375,32.741932712094034,1.2077016077958938,Normal
233.16959511159007,18.893085675029532,43.22435347664345,1.6009011461790745,Normal
219.87428706671196,14.479002876122555,61.94109403047372,1.0830724546700705,Normal
230.93227157384715,18.45366768443752,40.18834468860318,2.326624217565134,Normal
226.69106767615807,15.19286743758698,45.355957376906126,3.7320492913680816,Normal
234.2621666739811,13.638225435921836,54.62060893251896,2.702881798595122,Normal
226.0373963078365,13.018615222724593,57.83390509282596,3.0357246425830327,Normal
229.42631779266551,16.258827169773575,47.48461113955504,2.819728331691012,Normal
232.52493639490228,13.170081864434607,44.02489805308358,1.9998808514409065,Normal
234.32877597085061,15.162553685534055,64.22369861698508,3.083340437911316,Normal
223.99851796472112,18.166930050768187,67.3889966379758,2.7450305629128,Normal
228.32749382079527,14.386439214257258,59.788580507817954,3.439445715153136,Normal
227.62527344419522,17.6280189492878,50.85318142565024,1.5404510588382436,Normal
226.73335383713143,12.570913020547186,41.91734278359074,0.2618883604546134,Normal
238.8272712014055,13.9321817973664,41.695555934434346,3.0452510148730774,Normal
232.02490855480477,12.185711947570168,55.22514105265758,2.349769520606058,Normal
223.6955802283248,15.145993511946715,54.18398220888684,1.7039538996787638,Normal
234.58930973527387,16.560156359433165,64.01598592946429,1.7598471876925088,Normal
240.61078098506317,15.150374175212372,56.50450092536139,4.554686325902116,Normal
235.16232630275573,17.454100119940303,34.96919698240182,1.357805347465729,Normal
222.40315017022994,13.50164151874174,60.51947617722919,1.1466966931736668,Normal
227.57882963566874,15.450685507378134,40.01939372685587,2.085284233493352,Normal
236.3345557459331,13.945061352772287,46.16028728047648,3.180490877972961,Normal
226.4616526719061,15.72335317084731,52.502002062516944,4.278401986529228,Normal
232.21909714073115,16.00747209242485,69.95667489783965,2.657364963389571,Normal
233.8731702671467,16.164791919968124,81.09918556005361,0.72959125602057,Normal
225.36534764210958,12.858811323528796,56.06723059136183,3.970864270717799,Normal
229.702373219691,13.220507796426862,48.168033812796125,1.9805313009229029,Normal
213.79366329965464,13.591424583617622,55.345056484805504,1.1622905681050304,Normal
224.87806179332856,14.522238504266806,58.87655425873836,0.920607542900646,Normal
228.7371592430342,15.17437280841286,46.793323744428086,2.836328719335456,Normal
223.76108409017576,16.416178243713354,67.95211355912322,2.238829386186414,Normal
238.16205651965817,13.303802601321536,52.30070759191402,2.3450753769458506,Normal
222.84929311019684,11.797961404596496,54.97743089091394,3.2865031190719307,Normal
227.79977756651508,19.31148632641358,56.659242520544616,1.1978454084903558,Normal
230.65370288643047,12.73709395869514,54.21586610614456,3.366154628273648,Normal
237.2063664453306,16.672647445991103,58.38940500469612,1.4808426772063097,Normal
222.8206892441028,15.062533754497348,43.82746813453077,4.164007373912357,Normal
235.8158187607748,15.502611281612761,44.41698246053969,2.5987390159931403,Normal
230.05116530509792,14.996898988328194,38.99845767028305,1.0797614702236227,Normal
225.09245674476026,14.230316236105748,54.39501230620226,-0.025418083320479568,Normal
232.31051737131637,15.927944565846918,57.78936503512114,2.8089247222790115,Normal
230.99529847786735,14.122825587485409,54.57772866151886,1.6258197240098164,Normal
226.99891561420603,17.33260549447358,66.74492433347538,1.8444343054781644,Normal
230.3490104249501,16.13688201251231,49.94403981170954,2.766196009174107,Normal
228.0734320156912,16.19918822656299,56.687416555925125,3.0104138262506557,Normal
230.56758672625625,13.98575387988682,39.08299123860686,3.2237103406692906,Normal
233.31065337260523,14.527290525822009,46.12900297525599,0.8251586916170635,Normal
237.93008408072677,12.62417438271587,56.95537757565778,3.4258947496245886,Normal
223.81092250586576,14.293967886548876,58.491021107431436,1.4209546638318504,Normal
240.66516687328132,12.926848167287405,47.060330523358175,-0.25624993474822677,Normal
220.2395610023875,17.62613703117743,49.28400748141933,0.8215596531399543,Normal
229.2410745248221,15.101071631188011,34.821262533191906,2.218025092132565,Normal
232.9415860324229,15.340994470080862,46.42970799193391,1.0211857539188607,Normal
231.40495933867516,14.549706945299958,58.90383163519786,1.9119555308239562,Normal
226.88650240089703,15.395157844102815,55.75205016106566,2.338252487529178,Normal
228.95938874821363,19.929755271715365,55.0066572138121,1.8186145968907141,Normal
227.53499532670583,14.399719431215017,50.4977368718096,1.5056456621432832,Normal
227.05317621527894,13.699173930580013,50.07063158628176,0.7493039370117738,Normal
234.2480104851051,16.059386265810886,43.39678860526553,2.0219438082153323,Normal
231.78507742982524,9.948562732795024,56.98828420202535,-0.06495738758473513,Normal
226.53545202369673,15.127913573821866,54.2097294438939,1.3140019582805786,Normal
234.49799937716625,14.256574193414199,54.920188479927994,1.072215890939239,Normal
231.53649760438304,13.015373467927812,44.739651573324196,1.7606231484910853,Normal
234.0643105941948,16.015515340623,28.466570801287556,1.7866702006907307,Normal
233.14814420961807,15.107976836891586,60.97152711753696,2.9599566744337453,Normal
225.85502494538963,11.395182185011565,45.211625439915956,3.5834772772495995,Normal
227.19909479901514,13.706940957615124,41.372242359568794,0.8822211597630298,Normal
233.73646802561632,9.22345758961455,56.934789119139936,3.9928326252700295,Normal
233.05185132716733,15.586538628267006,46.0798736008087,1.220704400478568,Normal
229.89549203017927,15.566598836880313,60.59936384046622,2.17252678292309,Normal
230.5866369165439,13.413436212332654,56.17005949576698,2.510862989148318,Normal
236.38832447894214,16.080225423366254,56.83569323200477,4.444582752582506,Normal
227.04214305582084,12.435002757756955,36.340442887994655,1.4577176622373358,Normal
232.7354869058502,13.066965948130013,62.11943985386401,0.20326198702194676,Normal
228.98903673783053,15.834380928765128,52.61250531233856,3.4903794701929813,Normal
228.9115939838639,13.622666490074113,46.307228607537965,1.1666264412045653,Normal
235.49388425993595,14.87468608759511,51.43388467342251,1.6384114194244073,Normal
234.12708174494014,13.872701945147314,32.2376476710168,0.8822503460738247,Normal
234.0675481800032,14.178137687401632,54.08652811480671,1.6412962269510811,Normal
236.52739403577164,14.265551568090014,39.706284918179286,1.1596084637945592,Normal
230.10501920816378,13.586486485563645,36.47329714156466,2.6764418164947714,Normal
233.40976485647482,15.604899428720248,34.77640813782109,2.0807916297219795,Normal
228.44866621703272,13.744143026492102,61.12688374989925,1.3189448393853211,Normal
231.6208317624422,15.031373427591204,43.707366063072115,2.9958719766589277,Normal
229.34928472816156,13.542536637251194,65.337277099165,2.2549967506745987,Normal
230.4849798249636,11.931402747231083,44.64198536947702,0.1539517495559446,Normal
232.97578512718457,16.824870498518333,32.92642042407053,2.919703314084302,Normal
225.90889658383264,15.999053970190817,38.83475560051341,2.1848678838526348,Normal
240.4619363784273,19.577364137595346,62.35811620006939,3.3907324875915426,Normal
224.96991309250149,12.912054320003485,48.441018220633325,2.123917426342645,Normal
223.92905693606133,14.582079025335938,44.51712703509399,1.208290649432405,Normal
235.79055436750033,14.742985038288388,51.60018225852788,1.795704666698163,Normal
233.95831346981467,16.97873887656426,55.01782736167545,2.8039193308807207,Normal
233.12059908526078,13.985784211734783,61.17398815902461,1.2292629402991375,Normal
233.1417275463214,12.657916291648291,64.48499229892926,1.5597032128924415,Normal
229.93876613576543,17.415618616922004,46.40231354210914,1.778311420000933,Normal
225.51372814257084,14.366699941477544,36.73952313917962,0.8506283897841271,Normal
230.37902279096863,16.757287019452086,45.86534838876724,1.2436765753714254,Normal
226.61419144243945,16.524396801584423,52.60280506582886,2.17255019180419,Normal
234.87559866708875,14.9402190521954,40.36241073789389,3.202477747653008,Normal
229.2647130924893,14.651372589930505,40.428490851049574,2.317146984710475,Normal
225.87251401603743,14.216870387340391,53.437878815498856,1.9541387406309785,Normal
228.39307079173503,14.969613742460021,49.51347648429549,1.1687292260476891,Normal
232.0646572713781,16.726200452341264,50.327969954115865,3.095160411720232,Normal
227.18137723598014,13.407119637880841,42.41504665299931,2.4335054999468424,Normal
225.88889802216784,15.21769126041824,47.69599285794233,1.2932702364807604,Normal
231.21843605745957,12.762737143602385,40.757668557316954,2.8986484586849004,Normal
231.2248328555436,13.011787533915614,58.90198411124787,2.559577061510467,Normal
227.46528412314436,14.938122005688752,60.35249334723753,1.186469650633764,Normal
227.6448084719084,11.079683983412336,31.538121377619063,1.8986217437357997,Normal
231.16024968678818,19.121117233232106,40.7048913980759,1.5072272717570632,Normal
222.75957829251337,12.613880090179528,35.03470744909921,4.633537940031605,Normal
222.96268112811723,14.919822974686893,43.49976065593102,2.5317448831256586,Normal
226.40777889373783,17.33643544363373,49.16562030209639,2.18676205484824,Normal
228.93276424144076,13.274189322499003,35.5035478030147,2.4726630560767133,Normal
231.55453782799003,10.394606020910567,40.78140186874687,3.379162588197498,Normal
237.37678108474776,14.110108479750657,39.960426279185015,1.9166198555615344,Normal
234.28829811601008,13.250359239847763,52.07267329398944,1.4100907021342437,Normal
229.20030735018287,10.447252982815996,50.6934433703625,2.8442832280974177,Normal
229.90491896048655,15.569779785144398,42.78262446662747,1.825055433998688,Normal
224.98735317681096,15.414187724465902,51.76820872139398,0.9301046709194967,Normal
229.90743432003805,17.284652909076705,44.533199154127345,0.7353135682439416,Normal
228.5567068053993,12.758355268959225,47.283448896739465,3.5292965508395335,Normal
231.61359280169046,11.801727027105974,66.73452090298537,2.1316445669192845,Normal
225.86384528223837,14.186553833906832,63.40461051790348,1.4104326160075988,Normal
232.59673257120585,14.82331468198181,37.004187630724026,1.7656650889579364,Normal
237.6636945650129,16.84269920597299,58.29732417879175,2.8074447180083517,Normal
229.45619925771572,17.821136010010317,58.11396554491592,1.706594484157955,Normal
232.0085586104947,17.428958267814693,38.51736711247382,0.5505802708225818,Normal
233.45071995855557,15.553087333785333,58.18777643754861,2.3258408521479246,Normal
227.99389764057082,16.598998507008297,65.37931918412554,3.2083478175735634,Normal
231.1204624090521,13.719013130461631,38.77455193755586,3.141464317972251,Normal
230.06296200390898,15.336790384950493,40.824971789857365,1.4406700618627548,Normal
230.48838049274417,12.617419721424387,60.17661466843502,3.2691726564583794,Normal
226.13495108072266,15.125370793773746,52.71495310825648,2.212949973671623,Normal
230.12255087129472,15.177293394796026,55.514762752395235,3.241147343878727,Normal
232.48999145622724,18.44425721136994,53.40589216400497,2.573687030002554,Normal
237.2557180389752,14.542034277019507,53.90695920928144,0.4784031573673304,Normal
234.79635413042604,15.180085675306573,36.73527871688917,3.746738937508346,Normal
240.7659122875578,15.473922831424085,60.47317706621448,2.0517838511989535,Normal
226.16326218555974,14.090359368223094,61.69589992427774,2.576793823913817,Normal
234.3616031836034,13.395014533576706,47.70609255931972,0.6559553715281559,Normal
230.91671002869177,17.597622649694102,49.56523050186138,2.5053265000780653,Normal
240.94901466608837,13.038165114079405,34.68892497444278,3.1029277327426597,Normal
225.95850857322424,12.344163856625453,55.14254756017835,3.935320336598404,Normal
225.80139078909613,16.36053075859096,55.72057441714144,3.400399794795282,Normal
227.0030367727799,17.31562968404802,49.37808983000689,2.5542247039460397,Normal
219.38052137845096,14.097180684798722,61.24353359870503,0.4556226466516138,Normal
227.3712248915962,14.12789302470024,46.659227690200595,2.1322727904974212,Normal
226.20433669223152,15.565087052213586,55.646059258936006,1.4074904347870696,Normal
230.75196893238103,13.584294646513634,39.80335661307885,2.2349778748162468,Normal
231.7087798788858,13.436574958776063,49.76447849125762,0.783674167204901,Normal
239.38085419607944,16.759185175972732,48.25645742097164,1.7898330922080985,Normal
234.75211919093024,16.214262201567237,52.25307922040942,1.4828169161939315,Normal
227.11548172168798,17.62231777263621,46.304730711666416,1.4518336440307538,Normal
225.5079266432582,12.494821975269009,48.68527404328332,1.4617638140088456,Normal
232.45959585753252,13.995075026178768,58.26047171441506,1.8641452836117556,Normal
223.3988339648968,15.562359124538906,45.63235762761782,2.286194759048022,Normal
239.15729382927177,13.148758300451266,33.93422899261321,-0.4984935878714509,Normal
235.89720060360642,16.2833748743093,67.4958390420542,-0.3764328563378636,Normal
227.65412173947647,17.449254174452662,63.814540786904864,1.6613086600781248,Normal
221.43432735454562,13.833284055545304,37.07737304894381,1.8022309552943856,Normal
236.76936187082705,15.077183880454067,56.897078052451945,2.1891112166039406,Normal
229.4273007737369,17.911237380162234,44.97025229448657,1.272327645143776,Normal
236.1890815598673,18.598543150037997,52.634872153310596,2.0094651940226815,Normal
222.02786170602818,16.491602502120806,52.94224129013494,2.126523205018055,Normal
227.00312488523113,16.18685834638722,47.65592199683678,1.2654419031345285,Normal
230.0262184985909,13.292526930630176,42.16234334413603,3.013455821741101,Normal
230.23490296882372,15.718418800915682,43.094589476837406,2.1769863114550607,Normal
227.74967264260377,16.113641681549996,40.83808084518758,2.54696109546329,Normal
233.1142496617375,14.57925968287791,41.681777917695555,2.0688457312838526,Normal
224.66189785308703,13.810447490888675,49.328217099506446,4.10367310306172,Normal
229.28810257489354,12.43740465304629,42.842400108892484,2.5963970691176534,Normal
230.6014781585595,11.524540489897415,56.820520657126195,1.5120066837927748,Normal
232.57219417029376,11.104232973357675,64.87246155335927,2.8209668843684006,Normal
233.55807439044446,16.158885145734523,44.19946758629957,0.3623950825433282,Normal
224.37678954081065,15.295398650453555,52.39404500535377,2.119600262667104,Normal
222.3294291463219,14.032377736917807,54.996851103029336,2.3191602900919905,Normal
236.38838410949253,14.337087404550722,54.72002270919275,2.1310207620786983,Normal
231.66157005989797,15.420941083060969,50.759552679160876,1.6662211291611126,Normal
226.25756731721722,14.670873857982812,57.426824183597226,0.9877266431629848,Normal
237.7557598776126,12.318893639992343,54.82248952680657,1.2106529879490375,Normal
230.5783731714643,16.8260004405486,37.62337577672702,2.1020749162473837,Normal
235.89648592031912,15.608252341339618,58.69156064389273,0.8864807675720074,Normal
230.33759240705055,15.531796959627696,58.872908372667425,3.7701676156472725,Normal
240.30373962440993,16.675125406716745,42.367138958214184,-0.640897679343706,Normal
238.77670421221603,13.372709287880651,50.37937835447602,1.676562132455396,Normal
228.75517925760462,17.427462875451685,56.833289928110695,2.110389639107697,Normal
234.85785475477178,14.719914296115524,47.906861804206386,2.5074209278332886,Normal
233.22687974792575,16.77719776066175,60.729780477660114,1.0840752727375729,Normal
236.84315778766174,16.46889806697531,73.6387249461936,3.1342947938882126,Normal
225.17538269709948,12.922396343994889,42.140139673650175,0.6061689561870771,Normal
233.4302572999922,16.005800809828273,36.18955396846225,1.433871411392432,Normal
235.29212243424794,15.652549341693371,53.03818595604876,2.620747555279424,Normal
221.20630256788442,15.060623314988684,57.21562505126143,3.0401885647927522,Normal
224.08370743667112,14.811256499929238,47.69133626155231,0.5959987036189023,Normal
219.8038391111995,14.828213500564416,64.53260663321035,4.645036790415158,Normal
228.65296582777722,16.62537885128799,36.613942002767516,1.1025084368327904,Normal
233.5877112789798,16.15582102758302,56.92918623031611,0.6878175224722174,Normal
237.51178526048014,15.060957700531329,43.94139179241107,2.502714891773257,Normal
230.37047390209887,12.016127707057251,67.19377906207296,1.6517065464185428,Normal
238.14307772785645,15.988886828167237,69.92515353168119,1.5039476874602555,Normal
223.09949270892554,16.44722723835556,42.33343412216652,2.5956440575697197,Normal
221.48308780322424,19.60082017089394,44.5044286409142,0.4727043095721908,Normal
229.7222615055169,17.150866126210076,58.59587886979802,0.2978656000252977,Normal
231.92032724469652,11.201647224169065,46.12869350210485,1.4025766348567719,Normal
229.83652625952953,15.156858798037286,49.54588782067762,3.077901739453325,Normal
219.66278949980062,18.622750057329963,50.2538842054241,1.4459447065872162,Normal
229.55439980243605,16.247097713803274,30.803268438023437,3.599156684528614,Normal
223.47765249747573,15.657304320746418,49.86162253905763,3.2010147611718907,Normal
233.3483627441502,16.80045731783047,43.10272225935826,2.2829461845074848,Normal
231.83299123048425,13.755243610018393,45.06877177600228,2.339723859374757,Normal
225.30060106836322,15.956179993254912,64.43632003468814,2.2820026250168555,Normal
227.43066541331655,14.499063922016179,37.434931057207436,2.1597177286821,Normal
224.70393239055525,14.96075302837905,58.132051867479774,1.6337583025218205,Normal
229.68660451363414,16.656909031390214,47.21037069668191,1.7498121667928372,Normal
234.7757116025062,13.146573795015637,47.202398315041656,0.930039843407418,Normal
225.07136976832228,17.575964947603875,57.90371896051711,-0.21004278929017994,Normal
232.5202325775892,14.154376077828914,53.4005129456889,3.10407060928205,Normal
227.3487119081378,15.521325666300815,55.70612997219531,2.1572584367852983,Normal
226.03563583868828,12.198984079450113,59.68184660532861,2.006211355621786,Normal
229.4648482002272,16.439674581742782,46.686916168166775,2.3984491228578793,Normal
224.82378838790314,17.893007871893154,43.87763265492249,1.171602545206351,Normal
227.2317534732641,13.970716901563705,39.148494734422016,0.9989377866155671,Normal
224.01061053705575,12.7795532269808,41.74589470021045,1.7163153063218473,Normal
239.82362566458195,15.555966129485418,79.49094425308725,3.3680984817638127,Normal
230.17631775985865,17.909621289983484,62.44679580736786,0.8312589715068737,Normal
226.50137246003706,12.100286869038188,36.489256337919784,-0.6270653568081661,Normal
231.06989955367112,12.787383637543316,36.7754204325643,1.4785989081812474,Normal
229.43835975154585,14.091620883376969,54.81866061718492,3.142699916235183,Normal
228.89515200233387,13.359312350938609,55.47264797377967,0.26745597564564627,Normal
233.07083350021713,13.36562906678201,55.48883835317365,0.8197163961771283,Normal
233.78753855023652,10.811758744672446,47.45044206446302,2.263546740578169,Normal
227.34749426194736,16.178113894811734,48.745457399970995,4.569907035475335,Normal
227.1209087967766,15.67744100573927,53.27879524159357,0.6417883314738044,Normal
228.62474151424178,11.602301600392709,50.858930062933304,0.6030659085320409,Normal
218.49039417632207,17.914391519912492,27.80699627252465,2.3386983688391854,Normal
222.42404468900725,18.362184629860977,47.70200369424806,3.2046744399937044,Normal
236.83437133722262,13.498188900439771,41.485935657396865,1.3759012876742898,Normal
238.22483856750642,17.333097181954013,51.75211418908512,0.378605843877831,Normal
228.7548198022181,13.854004390018108,79.85259002603411,2.433749220886346,Normal
232.88278481527882,15.36223302042212,53.67481665474304,2.614841397302973,Normal
231.55625077271768,13.328475729958182,46.86470313827602,3.7786551265382484,Normal
245.3944040422762,19.42850304692455,59.21801501977252,2.656947112324279,Normal
235.59787455717287,14.407965545340204,54.826878872092124,2.8280660763723793,Normal
229.36041204259618,15.252898045646925,54.200944904518416,1.7378548561320943,Normal
225.22229779699788,13.624125225072346,56.06850593215671,4.441504342169468,Normal
221.96776839871214,18.72263119447279,70.56543564829542,1.60185798941153,Normal
231.01731817933612,18.77322929217882,38.69111564674084,1.3880778785882297,Normal
226.21824627357847,18.26185836252588,54.736320768114545,3.8095149185186066,Normal
222.88873145201163,16.912880696695243,40.73618870018461,0.5257627211045901,Normal
226.76713557878736,13.750420906131895,55.55512646342248,0.152591615472085,Normal
224.59225998192804,16.655700191924836,40.81313488513906,2.1195569245984847,Normal
238.43570817536283,14.985914402150529,45.82633186394916,1.9982634767243046,Normal
234.40819878474724,17.624817243485264,47.049100857620935,1.7721120184493377,Normal
229.96013679341692,17.231804106730724,59.75816719344709,2.9939297571216517,Normal
237.39972069445014,13.70146884384815,59.18454443942414,1.0917938177114297,Normal
230.3868415382381,16.89565160567443,37.542826235536154,2.064167125624674,Normal
225.69357899335867,16.36406890008785,50.54934110999849,1.639894047361813,Normal
237.6156203863483,9.452874274173103,42.904201452508275,1.108781499893249,Normal
232.6945502184233,16.601873279258925,37.414950893246655,1.9381599160393166,Normal
224.81376922836773,14.136408422719587,47.82982949575629,2.852595803295103,Normal
229.04830660958197,13.227915091336653,46.915172115441806,4.120568120430502,Normal
225.62190873307622,13.313478791412514,74.26716486345522,2.5794189828989693,Normal
223.08600134517832,14.729514208735937,54.32959825360696,-0.5108350014014515,Normal
234.6308877376582,15.960119160173367,36.22382499245763,1.961859914558351,Normal
239.54708320235065,12.269075955615639,44.352259958290574,2.0498027909028327,Normal
223.0071621309043,15.379695672424928,60.213832954293984,2.93620900957995,Normal
232.81484618345286,16.153516132386144,70.88442772869925,2.184810302489739,Normal
226.74678715439086,18.723611567339262,34.140166877620416,3.2530889173020765,Normal
227.5643730811765,12.84661966154974,31.20075614860955,2.3916706156152716,Normal
227.03803037880564,14.300775626444393,68.70965175371782,3.5587980694978887,Normal
225.68004615160092,15.523325945392958,53.89614177370904,1.5612540799517065,Normal
230.24260813972413,17.294818660383214,41.31707268123634,2.144343467296694,Normal
225.8452494179448,14.391552237656372,55.346290861224354,2.8266415353898964,Normal
231.35228412889919,17.397282743982103,23.64252260983122,1.4278059297065564,Normal
229.7488094527543,11.125275367047081,50.03375506597161,1.2099871979189238,Normal
228.80525976566796,12.493303613756229,53.278211728430854,1.370647900313315,Normal
225.462181689792,15.697288688668442,59.2427013953783,1.2507843829110776,Normal
227.11614334715833,12.17835100382425,39.861040477074624,2.522561920875327,Normal
233.7769561291288,12.651058946466566,50.856871614033594,0.1651919703654443,Normal
232.5045859381219,13.944446271508122,40.74575373940412,0.44402997368209296,Normal
225.11222377600726,16.542877983831648,52.55383755674317,3.8627464923572625,Normal
230.49666152714613,11.208070317385422,41.04653677636976,1.2749032790258226,Normal
233.75693561685895,15.340596724324788,45.918991608397796,2.200014851171748,Normal
221.65297359439313,17.065927894305613,40.04184605209771,0.5108535821008717,Normal
232.71680096189968,14.610109583142084,56.51136241823657,2.094124267789276,Normal
226.68688120527077,14.262339540814919,58.58451116656666,1.280993332318596,Normal
232.8529933429658,15.803542565117148,47.653794300425865,0.4369105018395858,Normal
226.1837042172874,14.61577789455712,50.382379949600285,3.3369204375647135,Normal
220.9755894966774,17.780999562481494,35.51408585366456,3.1825657270608714,Normal
221.86228781058418,12.777173975731131,47.00323351993213,1.8926452092859836,Normal
230.24042473330692,14.89671168966983,49.49795382958255,2.999419032677911,Normal
231.29861250860742,15.411372749921368,76.20793091029975,3.90329268772716,Normal
225.47841687447794,14.243091896307082,38.88032974225837,2.7540759331580893,Normal
233.19296229388686,9.257434674085077,64.64177238752437,2.479679739509963,Normal
221.6923996886552,14.678190183901615,59.96858773465808,2.1989496964833095,Normal
229.66960100676343,16.800353973824933,52.806364044901365,2.6494973648592395,Normal
223.9449190011877,16.556218372252033,67.58620484195134,1.6360806065103635,Normal
226.7408194609892,15.709556964340399,53.72105472606863,1.7233641308385534,Normal
230.23699335658208,12.804275283301553,53.891591956679285,2.4508913752125148,Normal
225.69793317358022,15.790618924916968,49.46879346982455,1.526135129840471,Normal
228.07722227885088,13.853124356915524,62.235688824186276,1.6342003272064975,Normal
235.03146404607222,15.706965811897334,60.96469233810883,2.0001866646349735,Normal
227.11554065238425,15.24301002280343,43.743227125037876,3.150607550593069,Normal
234.1784605603257,13.047249457433256,36.80752805401232,0.8673362464403525,Normal
224.35146572671192,13.215088321286192,47.97019362604343,2.759178502705261,Normal
232.6490208895764,15.710044908843033,41.999614356023535,2.7917964128034702,Normal
237.2078431032895,14.557773809422997,49.36475425384645,2.785812009296809,Normal
217.64177749936354,13.319437138685743,62.37438134684139,1.1932536197905113,Normal
226.01552372264763,13.154339620546335,45.4269834491321,0.307318384489063,Normal
232.8853606359027,14.392338304027568,49.571766186884254,2.5597004724114223,Normal
228.98477306978504,18.13620958943642,50.58022734808395,2.187538784413962,Normal
231.85572936685654,13.947843935576083,58.484308822052846,3.0043766347631324,Normal
226.9800740664209,14.971960923484822,27.53110666015395,1.2994631719904617,Normal
230.4329489373645,15.20328857537902,43.932997052347034,2.760118376256361,Normal
229.2216138230396,12.737947217016114,52.11283692279473,3.0544121122194117,Normal
235.83891030829903,11.47433503231461,62.000789564268615,1.9046902789506495,Normal
231.27210421650608,12.946718530528539,45.08097552493795,2.4169295032648166,Normal
231.68801331037602,15.494154755612607,31.23447293958126,2.381966457524095,Normal
227.94061516938766,15.174662115830818,56.197114459661364,1.17853047097035,Normal
227.56196887963753,16.40481313830213,43.646376111743706,2.5310966022846078,Normal
227.8372090609019,15.193499789918233,38.103333409096386,3.6224983409010134,Normal
231.9722607118915,14.780901417061592,43.75654610286776,2.022203934542637,Normal
227.8950775958987,13.791975450149746,48.1547464234415,0.5390750613483426,Normal
231.44887428448206,16.769213579725385,43.952553354617876,1.31277346908599,Normal
240.3770039932272,13.161639722558567,27.944339429009307,0.22057055114837243,Normal
234.35562351715845,12.77920096540796,58.970661968871326,3.2902611290460646,Normal
228.3698823391608,16.134111034776208,62.748750412787224,2.7641052963280948,Normal
236.00606961081974,12.33368537869269,56.51521991339506,1.4986307283321816,Normal
227.95962313489224,19.829581997317263,38.62314329575183,0.5819400780310635,Normal
219.80937732411073,15.159986761118287,47.98508466052482,1.1667050417575098,Normal
224.95956844541297,15.695812232649772,49.93478684770542,1.3617230343028526,Normal
220.6460403948707,13.383160350953226,55.987943895619104,2.1094075990200585,Normal
228.24243257979344,14.369470311516908,56.68340488718081,2.0757593431983796,Normal
230.09209189594776,14.146485766235292,42.65826201221504,3.3414319753737027,Normal
238.38218656137641,13.916330024662717,50.819955564135604,1.3072451423019573,Normal
231.63463686882082,16.265923503019653,54.57280404615241,0.49181214564607134,Normal
228.90449735595567,14.100847923549438,64.55822322146767,0.843021524857708,Normal
234.14702790591744,17.035002458168364,57.04506539824723,1.976975145553499,Normal
218.94432345496057,20.326364700239647,57.89056687375519,1.2713219330542094,Normal
231.17807279054284,14.408917519706902,50.838266279293606,1.707991454486974,Normal
233.85432596943483,15.304631027153249,64.10459145203504,1.5459664196805563,Normal
222.60706877110078,15.758964114331015,54.09762795959497,2.9902384537051825,Normal
235.71877021603464,18.623009625187034,41.389120898264295,1.413034312907678,Normal
231.69248203747208,14.834704429923622,64.0336997012519,1.62265792305219,Normal
227.923560430496,13.341966160683274,56.979032725390276,2.7172835811587754,Normal
233.16390933053142,12.467318988748591,45.569559788715175,1.435018088967924,Normal
241.35346428902199,14.884032105135532,45.205070326007565,2.4232123744570178,Normal
230.9093312752925,14.103239561892236,52.96575545140762,2.3314852620217588,Normal
231.24110293150167,19.020018578600002,54.63184795267585,2.1417658589610795,Normal
227.70319550229877,18.539724841353934,51.972922656312065,0.8656036172935102,Normal
225.75077815267605,12.931254344152805,53.11308673442885,3.229774224521937,Normal
234.15167908272122,13.578479792901643,66.9995737457638,4.220683796583113,Normal
225.71958087045567,15.147540215773772,60.71543152234886,2.0088281382673947,Normal
230.35783118609697,17.794452845117526,51.90635591265024,0.9536451266296249,Normal
227.6117127661744,15.114026272742102,59.41310580767483,2.0291027083250226,Normal
232.39489912873196,13.705518724023907,39.674760964724605,2.989860140585999,Normal
231.66831052643474,14.88223638019455,53.979270499468086,1.3848123242843928,Normal
235.1876997212895,13.743030272207907,68.0930634973311,1.8711008158818103,Normal
227.44991800572626,16.204954418878962,47.81954104607626,2.3406541364121414,Normal
228.65062532353315,13.58193257667059,41.52366071380915,3.2030478522059247,Normal
225.10618142108845,13.979127895146066,43.4791111140694,2.7754237330893745,Normal
227.77853369961943,17.323867626912193,39.10366962657612,2.8168679695322623,Normal
231.88650246522425,13.463270105371855,42.15238091872297,1.5737314433235747,Normal
233.78494308322675,12.107743934879675,46.29491901409971,2.401918955173923,Normal
225.38917337911187,15.18998750271261,35.94432980821358,1.2780366728748707,Normal
234.3480296005283,14.279053191590808,50.15618333949603,2.8455260998852117,Normal
236.77818929402474,16.022831001859906,59.02277173786647,3.1512196407856137,Normal
232.0671745161185,15.63494386946218,40.9224381985308,2.553363568772623,Normal
239.38397906279033,14.936163010713276,65.19283923641768,1.6325894132051846,Normal
226.13105400448214,14.877913149060008,55.107920885275945,1.7962728719584018,Normal
223.77672648344293,13.52828310135433,60.305805856240575,3.80651621066201,Normal
221.1063987554786,15.166694141986486,43.42165446147863,1.649289555376504,Normal
237.48022155744593,16.762569562865536,58.545252270666154,3.049994167450568,Normal
233.2718282817703,13.053106517201048,39.08066099604687,2.3388915982185217,Normal
229.72207664544771,14.989205247276931,58.90247500836509,1.6658635515401574,Normal
231.3998431315991,17.076777511469224,51.718393397935316,0.6553509725305748,Normal
224.3725547635081,16.0108481864334,55.53251219984784,2.2116003805885067,Normal
242.22875989808412,17.618945792701425,38.24405394375148,2.0911008666061224,Normal
230.64610590987613,13.86371534033133,41.049301577233955,3.8065346714593336,Normal
230.54697397302448,11.338463103210268,55.972282182533846,1.1398073045775017,Normal
233.62883311949346,15.401303607911373,40.51651995775799,4.2947685915477845,Normal
232.40504615868358,15.72514163005297,54.63206292099123,2.3788105294965933,Normal
231.11942012139565,17.73684390894535,36.32862193539754,2.3778292212221577,Normal
226.04762772277343,17.376291469413967,58.48174212666668,1.40692786556777,Normal
232.35734178567998,16.07348724602492,37.67476685231491,2.3147063075544687,Normal
239.41012248237516,16.53078042834087,55.522999376795234,2.4730509282332127,Normal
236.72710023077488,14.616357083586722,56.256309336460006,2.937327291820877,Normal
237.96593313319698,12.561770777361566,43.03228181570425,1.021677792408057,Normal
227.44392161784407,15.23544243476182,55.82026567084727,3.4067808557880386,Normal
225.0519758987071,16.965146927255553,52.60442263333556,2.3614155237719796,Normal
229.37106539950176,16.312721739657096,44.61158143807262,2.6082288953073123,Normal
230.27862456144348,16.667614678318728,39.91445315923792,1.7790577384952395,Normal
235.47095759235475,14.144488625906495,30.37374308327421,1.0718573617209495,Normal
221.5376768514259,14.468906323963152,53.496500472996935,2.0727246274032876,Normal
237.64775159730306,15.966850976229207,34.35197228637945,2.1872955498232183,Normal
229.20996050710505,13.90698521098249,50.95344199441308,0.6145717318855093,Normal
227.8655946502629,13.968565860133996,47.36551783917751,2.793285405165125,Normal
224.93947812369916,15.595964472754904,56.79142775438196,2.9965246338965805,Normal
221.72571664067115,16.521809486313817,46.97954500510136,1.2703353761788732,Normal
234.11585291980958,14.600942653341182,46.70552213652908,0.9774146497279086,Normal
230.36658983594202,12.673621077892722,57.318707042882956,1.697038623125699,Normal
223.55019550129472,13.52839216991434,53.35058029084117,2.0238950969862994,Normal
223.5246061396819,15.407344169786196,53.16155957182778,1.7358289900846657,Normal
228.32107650354936,15.383041927731929,54.69267589808526,1.9390821672292167,Normal
238.34510762644697,15.482476275310695,34.64427876792894,2.2214776976759163,Normal
228.70204324318198,16.04259058119151,57.56788679986982,0.631731061274371,Normal
222.48428523440947,15.0116211170849,56.12468794013602,0.7467043726967351,Normal
228.77128467957027,15.530112089680625,39.83316871423503,-0.7222777409231447,Normal
228.63638215126164,14.909946354342267,47.55919526325799,2.9425452284534717,Normal
216.51556678529215,17.297466965858877,49.606927123723686,2.0152270206174494,Normal
229.72852566741093,17.864684062435003,48.655032155982674,3.0478511314651566,Normal
228.8453273489566,12.62197743523993,53.338599665685344,0.8622620041886078,Normal
233.4810318240671,14.489496115795493,64.31366781831184,2.024407339533162,Normal
239.24478047472672,15.065448983081415,60.81766727672829,2.2148265061166015,Normal
235.6328251477388,14.466170575971358,36.87780806568594,1.438217505169985,Normal
228.65555654722584,18.585845182661746,56.220699903060485,0.4465722015332072,Normal
224.46737045629166,15.447910556179469,63.2893331953541,3.745871336135157,Normal
242.8667990162493,13.389256345899312,53.868085206892026,3.399283341270051,Normal
230.29609217007243,16.19288467912134,60.90980425185967,1.6180677282746352,Normal
230.06964645956472,15.541949077692385,70.12270445700764,2.5102276451696075,Normal
229.87937456445,15.608385839106843,60.23709546106981,1.515209323643107,Normal
230.99042380383926,18.615752317598382,52.49308595641729,1.0045963969752525,Normal
229.2781979403803,15.701570351509618,60.450884740847535,3.827261504957014,Normal
227.1316899655988,14.392676952252009,51.44887833096891,0.34463111859419837,Normal
227.26570529379805,11.089447147379797,50.23903043284955,1.7144963030288851,Normal
229.83623364892,14.669201963712975,46.485857642862676,2.0843238272422338,Normal
227.28287614433117,17.61193983465438,65.63413358832108,3.6512365786872865,Normal
226.43577108661418,14.817661760887626,41.81571334057999,2.8965886542360186,Normal
230.53215113845948,10.519900202960994,65.32367724678116,0.3277502254326814,Normal
228.72511391289572,14.003275215615107,54.99864123740372,1.9972497589658178,Normal
237.51996494291345,16.985377077825586,36.006938251980586,2.0210601983643595,Normal
216.74515095803494,16.091634349124032,53.67649292991422,1.7716616647005579,Normal
235.45753425961232,13.320238206978528,28.99973492348376,2.619809107530301,Normal
236.23042596248814,13.869430447201836,56.25508016831036,0.5908930722440229,Normal
219.63304883795925,14.178582681795167,58.852314829889906,1.59136408746333,Normal
228.28656202959826,13.67457245627414,44.07644044347946,2.4788187482130755,Normal
228.14279567002103,10.940652264520836,51.235476959555825,2.679575685160641,Normal
222.96244152641088,16.52718220123971,69.54157433750287,2.1494194735091967,Normal
226.11091656204562,17.514119913378185,44.942532957380635,1.711607799699701,Normal
224.44712077267084,11.96310211207052,39.410924129433994,1.8800587263735276,Normal
238.76135221711812,17.48770586517263,64.81663402462598,2.740407122377237,Normal
234.67839196573732,14.793953597205569,69.62587190530795,2.03390078412546,Normal
236.3577754749708,17.45026469633575,50.03695671847847,0.9581524545594713,Normal
233.60836032021618,15.075900872580892,60.11463035408356,0.7665024160550966,Normal
224.35474114391386,15.27108918431726,63.414759155308815,0.5103625785638908,Normal
227.37739866860113,15.744869293964426,42.57515767461616,3.455580818489354,Normal
232.4468728061396,13.419867349729444,45.14694164632132,2.807461835612445,Normal
223.88936095554027,17.389348288656045,62.30874513154735,1.8935121168194529,Normal
233.56499215086194,12.757238723850431,66.85014278708509,1.5462075148359162,Normal
228.7983730092093,14.195866510966658,55.62880860174355,1.4260699920326423,Normal
228.125895962252,16.048529355286338,41.20185646497946,3.09323710758221,Normal
233.55479984101746,13.981609519029073,69.87061111699441,3.9044335081747406,Normal
232.22131655743019,16.55506248162989,44.690291021880356,1.394607076072461,Normal
228.1951691709046,17.751732346367913,46.64862218828548,3.1384155206557094,Normal
235.79664901682125,17.025092002107673,53.423378344896214,2.028012915358889,Normal
224.59468336200052,11.127769372642756,65.54160420714774,1.7875710700895335,Normal
233.07967803472133,15.251693939238715,58.539759765522234,3.504214282829923,Normal
232.96550628984193,17.057365221392786,54.148655003619105,1.989834279257223,Normal
228.45226780343006,12.366502306355887,54.63288530118106,2.296364439254636,Normal
231.6306651112106,16.44722117445775,50.43514668643466,2.2482739329114456,Normal
223.7444321180735,16.334921563278623,55.58139514518506,0.3744006333405483,Normal
234.62013509603452,12.57582021612347,24.70439922305697,2.2884111487160617,Normal
229.07548931778504,16.668465331480323,47.033925409302014,1.4373079755597673,Normal
227.3863848974048,15.54539558705987,52.41321934916781,0.5788468598543788,Normal
235.24504612918446,16.300763577442538,38.48985916380493,1.4828629195512377,Normal
226.4782815472862,13.067375228469736,53.8632331781156,1.474611130363054,Normal
222.9576935181822,15.300272232742769,47.95528779013878,3.0298825391303312,Normal
222.2168541323805,11.590242891735352,67.5547569831549,0.9362103838979683,Normal
233.0300497567282,10.446017584933898,65.73019725214857,1.2101525609507453,Normal
223.5978532375186,15.2816568530555,45.34194430881837,2.2353882605480124,Normal
238.77397090992181,17.20119521352262,48.49162288433305,0.6742062286457524,Normal
219.59035296058138,15.50587362853016,49.260524343916074,1.3409932417676664,Normal
238.4822818414502,14.873107872111708,45.483405238403776,0.33552326466677784,Normal
231.0550873360131,14.624931759890254,51.950249840281266,2.920011460005396,Normal
229.51643444064803,13.114869217113869,42.4171793111241,1.6986368795598143,Normal
227.27540456595526,14.556278192409387,38.693846650624735,1.9840821549977576,Normal
231.99568057176035,15.84336893652889,56.227112239002686,2.91601031979109,Normal
229.81182648787575,14.129555534398744,56.29529584221811,1.2777311163461131,Normal
235.51650941008262,16.501173707671555,41.956842403400074,1.688012991351996,Normal
230.5711382433102,15.391950067729205,58.95355430762599,0.9436720006942585,Normal
230.7515088073094,15.633958835546814,43.68422270834669,0.9414962790041876,Normal
228.18193893893073,16.77732550710192,52.53165238037981,1.079417105994121,Normal
229.71527188139467,13.946489134690019,58.20344012612456,1.5075096091663345,Normal
231.53900884446028,16.318761172373904,49.66387435296287,1.6152044658269347,Normal
221.44915803671688,14.227046565496051,54.54740912141134,2.28863215089838,Normal
223.25907288947144,15.67902896763768,44.835703561124284,1.1087830519581003,Normal
233.71632047011357,13.708457298726863,48.03533416571903,2.3196326759174766,Normal
230.8543271906397,13.178592353870535,47.94140569119659,2.485001291523228,Normal
229.0800833182366,15.183729491296987,42.53421653459761,1.5321778171677338,Normal
230.09216966532696,11.229599895957765,48.23225836884218,1.1952754275816189,Normal
231.73790852680835,14.407465112982237,34.51381701136253,2.08507903197999,Normal
227.3012015984532,11.787245988781638,45.08846252857895,1.7970825369895551,Normal
226.10847637298843,16.558468068627217,47.15124506630329,2.2203518292735454,Normal
230.9792262754884,17.10022119221783,47.4382024750462,3.569866436259967,Normal
225.10813611192484,13.272097557158387,47.58502554129221,2.0686370484277155,Normal
232.04126377857236,15.856625924946993,49.382358001398714,1.3607694387198679,Normal
221.4870819788108,16.798271427374985,54.79441518086064,1.1091103880579414,Normal
235.1457781866282,16.804938445003568,58.745170741325225,1.1477983686784163,Normal
232.36298741206522,15.428901667943283,43.50234773151733,0.5372336928888792,Normal
231.28014867156938,16.468609351122993,37.967991446108556,2.9327436083455787,Normal
234.91345491972757,13.701337376159211,39.57955587756897,-0.23327881935576444,Normal
238.32737222231287,15.16624493131336,45.12797078805073,2.4881048177193055,Normal
235.07185032509065,14.065793186418448,46.48078682183491,1.1319360933247693,Normal
220.79562884334177,13.532424052429272,42.30003933802543,1.4875947853758822,Normal
223.60211516632148,15.072126782939256,37.038833357501055,1.1020123584556112,Normal
226.8759071115216,15.695060752316149,45.43879172525812,3.445864659642031,Normal
230.13045525105417,17.327017535909974,51.814266201139716,2.016315601685777,Normal
232.58829510234563,15.530311054597775,55.950294658355645,2.7903785250428523,Normal
226.3712809342327,16.283861069923102,44.42576946891679,3.3005268585960064,Normal
230.9338338223854,16.306566346499075,45.87002177856566,2.1634054740224036,Normal
226.22308533823337,20.37506873139392,40.73301691152689,0.8043762291447876,Normal
226.94241098504025,11.379935193454841,49.685608296252234,1.7793572498842278,Normal
222.9666945157589,13.624132266325644,41.515713658091855,1.2577519864337976,Normal
225.3838337694455,17.94811210497616,55.731278132412,1.496495838112701,Normal
223.24157697191833,14.295973850293052,32.14133508065889,1.905376207350711,Normal
225.12063373511333,16.77160627520344,46.40370327547538,1.8658443579077357,Normal
235.2682089830392,15.460019047525673,53.01107339191742,2.4121091610202865,Normal
225.25300555584028,19.210404802416022,51.83834516322504,2.557304293780487,Normal
243.16191032418695,12.773891145872575,76.93033663980496,1.8658548237335424,Normal
232.46658950440445,17.443601105037626,53.49800024567907,2.4034689181079174,Normal
230.92418061847437,18.499162610545,39.959454031579895,1.4506401450645585,Normal
225.70821109909394,12.971162245664,49.04535752910927,3.3147798255965037,Normal
233.50154939704495,16.565740487162692,32.23753666533548,1.4344887117823537,Normal
227.12181086881114,13.069004028341888,49.194002507032394,3.197186484622428,Normal
230.6100490732268,15.06032314507025,41.669439429992416,0.5239329082282782,Normal
242.80042269134398,14.486824139635653,59.15390275560162,1.6195927425891539,Normal
229.51970050137675,10.194492130200626,44.504597254044654,1.6690218263863943,Normal
235.74636663142837,15.848468519423797,48.832340842047536,2.278991794748474,Normal
226.48411787437055,15.286678335212462,43.64442158595597,2.8618168032188236,Normal
229.8250575475152,17.95815794681152,67.38851351853332,0.7506047969404721,Normal
238.85400317817755,16.222287309299084,46.78757233882088,0.8920169579570925,Normal
226.86516471106117,19.581767848157526,68.32557043479201,0.5980919322837621,Normal
239.06224278998465,15.214084764157427,58.141517621182665,3.3201841971984174,Normal
233.53875967727737,14.788939895995385,54.82066727335386,2.2976049427971224,Normal
227.18766612052866,14.631286698565809,53.6873314731752,0.9156287915428771,Normal
233.1620386952776,14.120822577936453,53.93797298216251,1.5569051260439293,Normal
234.86277224813364,10.584498167234862,30.7232742065439,3.1817613956614945,Normal
233.10904981108598,14.559610745984084,47.21116605849244,1.721880769688762,Normal
222.14887640054772,10.864290547128014,58.451579711843216,1.662811862208827,Normal
226.36431412087566,15.904066689171538,49.51102816525894,1.2187032931769415,Normal
228.76240682224247,12.519879415058831,35.94810153196425,0.9750076861812371,Normal
229.62783285449976,13.211334753823161,49.4759554942253,3.1833238104431567,Normal
233.10336048775338,13.661179610334896,67.04105516255491,3.6739015887420603,Normal
230.88850500466626,14.590129924373509,62.46891715534719,1.0148055972126522,Normal
223.3232782064495,15.013736509878074,49.379959906339685,3.4049423292181196,Normal
231.90098925502983,17.16895916614614,59.514492770580866,1.5126105837098947,Normal
233.0529287264191,13.844939812984892,46.33492979631948,2.533647995368887,Normal
232.7989522396552,15.96029227244474,32.96128413173281,3.4102138048144077,Normal
235.4039036277731,20.461734466447133,40.75534011870445,1.8549234042963678,Normal
234.16961077274453,15.75470140552646,65.62888768508198,1.672058079732641,Normal
232.29590039614217,14.639020422136733,47.26006918170696,2.801080963788186,Normal
229.64917144270677,13.441696696143406,47.56616020624982,0.890047162963751,Normal
221.69519533242004,14.611336909159343,47.00161803725119,3.1470613778404304,Normal
232.14809109566292,13.227559312781189,69.04136589573007,2.142809392442583,Normal
231.03843843581555,15.537322853367545,66.25958915362062,1.422249491845823,Normal
231.35789418597687,15.207088277278785,72.18780233448135,1.3958323966841455,Normal
223.61625712089847,10.675561558164414,48.40954789599949,0.6165374881716341,Normal
224.59471729795868,14.962883988467865,52.95624488747095,1.4638278333760102,Normal
235.26576426666452,17.152292625280026,34.833574505792086,1.7359622380055988,Normal
229.80222423071672,14.2017762955945,64.76934426118274,0.9387064682885182,Normal
233.40750348686313,13.694206455176875,38.32220448732065,1.9545350238709955,Normal
230.1415918806523,12.244598453766296,52.16775563762629,2.4729170845254957,Normal
230.1487806974787,11.28401591675119,39.02697472367156,1.7865278640005813,Normal
234.69141902988,16.66269853412651,44.11133173261304,2.662725826519267,Normal
227.41977635891314,14.637043340841608,41.627375689503,1.1928600170206638,Normal
230.48060388470492,16.544043124006844,43.92124739324182,3.00338276421994,Normal
227.6886235564748,18.062647489158937,44.608772968510216,2.121814705774858,Normal
227.82751886283842,16.84249536982069,44.517312050749226,3.545257169754743,Normal
228.4541393826568,13.915255357122408,58.33333911780307,4.414217312238733,Normal
231.11066885816857,15.28973532931511,38.9513720693748,1.5297564076967187,Normal
227.60625689168262,13.770454269686164,52.20541427013867,1.5709361230985421,Normal
236.2787806278676,13.583423074796674,62.179591523055585,1.7537578780512826,Normal
225.52696348890248,15.685630324805247,44.86803635486604,2.5957022501755147,Normal
229.06564177919321,13.335412233763655,42.82081109252398,3.3259699704750902,Normal
227.80134470862913,10.581696761822599,47.69475374819749,1.3471915158301968,Normal
237.23488942176866,13.223704208545247,61.797252083607106,2.3812442664780726,Normal
230.98277388255786,14.386237702625255,51.94107630953358,1.864072710144233,Normal
235.15922269734318,18.042796995663846,44.68785705392401,2.6181091025405885,Normal
222.57219813481515,14.018125100257269,54.838766511880394,3.50945769340769,Normal
231.3352513293463,16.02384818205855,38.977078501635766,1.759671762566985,Normal
234.44815397811718,14.663383532075862,56.81359510442948,0.33013233332626934,Normal
230.41141994637712,17.452810287740768,54.08607307701767,2.7439016768802933,Normal
235.32740187532676,17.314192770927917,46.92191528861116,1.1672947813945473,Normal
227.41355774949812,17.35235021047984,41.61414201552769,1.8568842630362223,Normal
237.0467372009279,11.532032941165294,41.133190777165424,2.7870308368716135,Normal
241.49449061809625,15.413448094489988,55.348173363459104,2.297394853531108,Normal
228.1858071978017,16.517877200243895,62.28980502489062,1.898279974446955,Normal
227.77248739299614,15.763077125178661,43.626922529712054,1.424118287541679,Normal
237.26692238558851,16.273192651643658,54.58386703551484,-0.8998937802749989,Normal
237.89786072865357,15.116702008570956,29.129729813979313,2.698320815756202,Normal
227.38569986423366,13.510431586546947,44.153822693428005,1.747048300774236,Normal
227.89906591452072,11.605805230027496,49.68941067129098,3.513336278355726,Normal
228.59107695569747,13.70886114270305,40.90316583018166,2.3980280299618695,Normal
223.2777474448286,20.356219747276786,40.63493625210404,1.4588746274651572,Normal
225.406740267579,14.028697647818657,43.322204435311136,3.0668700883760405,Normal
224.97929616623966,11.081219547818513,52.921927283263734,3.1511294059581902,Normal
226.16101217447937,16.465298721458165,48.12670981593625,1.7809681856475221,Normal
229.8265755630661,16.71092001736529,27.617687666750278,3.1936448655732277,Normal
231.1710736626826,17.57464878030428,28.792998473649337,1.444691944613953,Normal
237.75250246407037,15.94195700741356,43.931348221428244,2.159647769407903,Normal
225.00822979630604,16.691203028933902,54.57686586053552,2.5714083877187806,Normal
234.9216119923829,18.680434269683982,22.524951572747653,2.784781584014189,Normal
228.93005577887246,13.50905301587577,45.002698238483696,2.62152184861589,Normal
229.75268145173783,13.112298589152566,44.73752143482579,1.6673428194368274,Normal
233.374097460833,12.810826920894142,63.88337778208448,3.0936976406914414,Normal
224.3863898921885,14.468460827012034,46.149781882871366,1.8755726768935814,Normal
231.91204873092025,17.866844839650337,53.829889847409284,1.4309726377248064,Normal
230.8322610410653,16.05613673549247,51.41257140087463,1.445662032686669,Normal
232.46225632004075,15.977383905418437,28.694335201927995,3.939988391476335,Normal
231.44584321953909,11.361384142670552,57.682072166317376,1.2580165719080552,Normal
242.27650069955448,13.613626345527162,52.15396505456288,3.2916352267604467,Normal
226.81130007874341,11.328684734275926,55.0826863967459,0.8645333041898302,Normal
227.3450152249909,17.342491578643088,89.26237706436326,2.4879054450741864,Normal
226.88429736787617,18.171292985771466,29.158870605014116,2.297083451490835,Normal
227.22261440419874,16.55913345448076,67.24696649761108,3.621226879726228,Normal
226.81306436346742,13.02642790852091,47.12552480599644,1.3455981048314851,Normal
235.94508265553776,17.96404498723158,52.873289044030095,1.069335782039613,Normal
237.10252123994928,14.49349017994958,49.54487754698758,1.883489621653018,Normal
227.14626853125262,12.571081438494677,45.757636666019565,3.664801829240452,Normal
225.83822213447885,13.071191490776615,44.30167071761241,1.115841520056232,Normal
232.35707778193202,14.139686728816326,53.29508735573009,-0.5884166322041997,Normal
227.23888477859515,15.099157040969413,34.82826303328321,2.0597678373732826,Normal
233.16465908877754,14.677311576696413,57.50579167521766,2.949522917961009,Normal
231.0146151042565,12.174663163657947,45.83805595114746,0.986194067360137,Normal
222.42127942501384,17.426632818371285,38.69930660959642,2.847932173353264,Normal
237.7375260066503,14.698788161126313,45.49987142004186,0.9640890149875436,Normal
238.9793883654776,13.572492287458697,62.571492168625724,1.853441464308321,Normal
226.93605654757806,17.22060472396553,44.64664912983777,2.7526823152860573,Normal
228.0614922003201,12.633187623466938,53.5845361820962,0.8125345982615615,Normal
231.42932695362452,11.74221963285097,42.69043724284526,2.1815133315075546,Normal
231.67228394993512,17.544974893197477,57.5792184992362,3.214973511292237,Normal
233.29272136336417,18.78277569910068,56.85507738790204,2.473934099211351,Normal
240.05102269383175,14.075807962697203,68.48608833296412,1.279373942409232,Normal
229.11526386252976,14.90805998416571,48.244360545007844,3.518718352716794,Normal
226.00851377730774,12.706670570958194,56.686548047579066,2.6583925119224903,Normal
223.10340385992737,15.010985100486787,50.98067539538945,0.13955200007569313,Normal
226.3453498002904,14.048589472537607,62.95871781863014,2.8642436147342263,Normal
229.834365135631,14.795743119930002,42.8116761239127,1.428625747582723,Normal
238.97278931758893,15.818516775194485,57.45005312877281,2.1965635476424645,Normal
227.41194350481913,12.803709043938307,48.053027038833186,3.0080040042932596,Normal
231.1189397581945,14.276377321534865,49.358118228915025,1.4503954153351661,Normal
229.91788551963623,11.392437156443643,50.91752484448373,0.354407385958186,Normal
235.9419663672404,14.290025431773424,52.52240396426677,3.5055451919058283,Normal
242.6346621293681,14.813131858166,48.83770956878042,3.164583471201948,Normal
227.3456561353984,15.457964850122156,52.147131831705266,1.9127439868170544,Normal
227.5528027874089,15.479153080726418,65.78118057562185,2.8534214514921152,Normal
235.22080438534536,16.80784550147371,59.85449685615218,1.6306132679363154,Normal
233.40945744813155,11.92066696145336,58.69154592496896,2.0969701767608497,Normal
239.23353662868016,12.027445940099412,45.444604739761296,1.85571205736326,Normal
232.91964092662982,16.057915872785042,41.10759171771676,1.6710559146426978,Normal
228.2035395460647,10.922077445989167,59.55300558237753,2.359302580085755,Normal
232.95327415346154,15.366600424209986,58.760467925297945,0.7918211763544118,Normal
235.54351790291454,12.639414120820213,64.72670675750982,1.7484191692344209,Normal
234.10241090598683,18.145629281834363,43.9601937403077,2.314479472483405,Normal
232.5363701555365,15.500904815455556,47.70451344639653,3.838100707961636,Normal
235.33337344794577,14.561687960573877,33.605158374745656,0.832465784687304,Normal
235.84647795222835,17.455441754278358,46.07528893939127,2.5205530577324273,Normal
236.91079495518764,12.873195986858098,59.96570510579447,2.6301487764278613,Normal
233.24354943794822,13.253180731824383,45.33504620771802,0.12328126931726335,Normal
229.16440959841572,12.477090332689782,56.40479795200824,2.410532014409252,Normal
230.7335684321666,13.269921547302014,48.094968940021886,2.880285078983781,Normal
236.0325448325418,15.122231218734775,53.24057028221561,2.588652679382435,Normal
225.9153216450638,15.987903743987442,38.523086101843326,1.9160727451273245,Normal
231.8433665443645,16.922843370735084,50.852094496339014,2.3332400365224286,Normal
228.03330593836318,11.350551906198522,20.088640290992767,2.16984469724903,Normal
230.1437241146741,14.656274027073417,48.13103841838015,0.31054266168480527,Normal
236.3922593130365,12.783670937618396,33.6952675628486,2.193320324754466,Normal
230.9554953400995,14.589425817023798,62.059945165468164,1.6329295940183277,Normal
230.23218274078076,19.66832716025408,57.774073527645115,1.295177829002017,Normal
223.2007192951004,15.58372352400003,54.66670981966081,4.4849699535866545,Normal
233.7312678301361,16.798929942296493,65.2100622715938,3.2526157196195573,Normal
233.22742090570537,18.921382544322093,40.51083479175163,0.8498279396856123,Normal
240.8162736165273,17.254716486349515,67.47363197915558,2.346636196565839,Normal
228.461108825235,14.104171040626031,59.32191564260385,3.458025275564325,Normal
231.09575163831968,12.448335826860124,47.63444712781054,0.5038008459239982,Normal
231.24691841855378,14.939711460958298,61.35620147182944,2.0769831414071542,Normal
237.88726639881736,13.864588431562629,38.93706487588366,2.1240727257194933,Normal
229.52352233806525,11.95095742676165,41.75485838472326,0.7255071175009773,Normal
231.3951076288517,15.481849994578937,43.914102767603,2.3795503046122297,Normal
233.0394825485827,15.531772596118666,44.71022291935985,3.1162463905181252,Normal
230.9330456157818,18.538233400526572,39.43442357239747,3.508047591419153,Normal
227.76783192724736,14.276473862326373,62.23083067095325,1.7506358983740542,Normal
230.97044996449154,15.560242777938898,47.41145599630168,4.5016450351351125,Normal
235.36815874929886,13.66902917061957,53.525049683568795,-0.057966753396755166,Normal
224.8674235029447,16.74633886138693,44.29648633586319,2.356216709814462,Normal
230.66484837073438,14.75076440761974,31.79396699451483,0.5877056800701446,Normal
226.49939592530413,12.654816782294514,52.70057358391422,2.0901826374968997,Normal
235.9752331446242,14.973056356669684,30.87745024580223,1.4780932498949706,Normal
222.38406547608113,15.781045795130002,49.31365953914531,2.506877456390561,Normal
227.20539076364207,15.510546774827127,36.3168496116719,1.8731192858978059,Normal
231.88605937532262,17.09179343099174,69.87275999230808,1.1740158219734838,Normal
237.8276201461717,12.103887255918622,59.113627221747215,1.2397090524360201,Normal
229.67124869463507,13.314514819970118,51.05753791271481,3.932459497449553,Normal
227.224002366534,16.279574663591074,62.63706677654669,2.443523738462415,Normal
239.40578534720294,13.549462044077858,41.536840225342644,0.2978712934616119,Normal
222.7599304979188,15.480942498660413,55.43479378670093,2.5507877351167636,Normal
219.00597021689958,10.160509505176474,51.99810433718714,1.8053233376420028,Normal
232.20007225026666,20.431893144625764,52.6402008133367,2.004601087097139,Normal
227.48972887823695,14.460562936885328,62.723535001067674,2.819888153981797,Normal
224.89383591434643,17.387912519976556,57.32492102779802,3.183227173712846,Normal
233.54178223649677,14.326204348833018,52.887236628250236,1.141187272079311,Normal
231.21900356885598,15.829397057461774,33.45112563771704,1.9702583458446161,Normal
227.17960684631635,17.983839292690543,40.399537047205364,1.4538889972614304,Normal
223.59847800664554,17.331612038416772,48.77291066404276,2.596862181074263,Normal
234.36228664140071,14.59109004062955,50.93372374276651,1.7676955062638304,Normal
233.2510058897933,14.729491349212616,38.69796275326076,2.0292514797018755,Normal
229.50412068110307,17.00713312036657,74.11676675578421,1.7297232389898354,Normal
239.23318498023832,19.6664888085706,65.16394055253573,1.8938804844306683,Normal
224.64957616836924,15.384565348798082,56.021183203924835,3.7046510059281355,Normal
222.3723741453763,18.91412728108328,50.72036861283745,4.390766164767724,Normal
226.5404596505938,14.517171179159588,47.87791030098848,2.377092093742476,Normal
229.7720699182225,16.903920727019603,40.48081539977764,1.9000302201830968,Normal
231.21669724661345,17.202311524494572,50.774805185188626,0.4043632391103169,Normal
228.79381971071834,14.180078992294453,52.57752540142751,1.2395818001886263,Normal
231.7602769825715,13.505843841396716,37.58239424518376,1.8732639642140938,Normal
223.74230287904777,17.290778377094707,53.341764172448976,1.2849367793625737,Normal
237.2188230203663,13.936886125513887,48.44740951175251,1.3900992371280776,Normal
229.58924410803715,13.211300174649194,30.92192442122609,3.5753894740561654,Normal
235.58647915794063,13.632080996401806,41.39614989220498,2.028790813738482,Normal
231.71362673188852,13.928773323149176,45.863944665783556,2.118211991401937,Normal
232.28376609576893,16.713234209251354,68.8768765734019,1.3258094396617732,Normal
232.848836401161,16.030085346552376,55.56553124533758,3.177544724769586,Normal
232.23854280008658,16.431316489515783,36.64518430900109,1.787421372011432,Normal
233.2136137993377,15.842759622196166,54.86036289417637,1.4791363348491438,Normal
236.64576265066216,13.812319675506723,34.52696011061634,0.41924918269055844,Normal
230.98260584850735,16.394205711816547,60.826910538870735,1.9388980862486338,Normal
233.54501878794255,17.364907653210608,45.28875348182122,1.4479419982225985,Normal
229.55132152856388,16.169006432238618,49.06363811260829,3.684579746016899,Normal
237.20058607724735,15.899311813251702,63.2579664754219,3.8438986920019502,Normal
226.61803848970365,13.465890986858646,37.1283643141575,0.7647195052337254,Normal
239.0047021645541,15.423634157948955,36.02881814887009,0.8778467621190027,Normal
229.79921024677827,13.359517341102597,44.16400673653995,1.7236803648735521,Normal
222.84612448940976,14.951944283838792,60.38378851019317,1.1839621046057283,Normal
230.64052207455396,11.719466721549368,34.806539245231576,2.2174165756867135,Normal
226.5947417126256,11.734883194015813,21.67844401889431,1.6733765109144325,Normal
234.20321774494363,14.617904620105941,45.488411415910015,2.2805323405552587,Normal
226.73688010348803,13.90312065634602,55.5174079991092,3.016093521646967,Normal
227.7690828339261,15.213574386948347,62.00261749738829,0.9357784896644925,Normal
220.55229634527234,14.730462841769763,45.36838637914601,2.9952112224773986,Normal
227.7384684037546,15.06038157442031,45.885733928839976,1.271347585679823,Normal
217.8806033668552,16.21721488471348,61.53900734255747,4.148482849148776,Normal
222.0804858825714,14.073462088678335,31.302583003045793,3.6209759662493886,Normal
233.8020732807215,14.561112376710273,46.114792248169906,1.8869196641137647,Normal
233.92900079325415,17.91004244552633,51.90423889925058,1.0364165554699585,Normal
232.12728780892482,15.006168253650054,54.49218721285034,0.8451340203254167,Normal
225.16511928435392,14.641579050749222,44.901933068091175,2.87362850207453,Normal
229.7614432192901,15.165025398646378,50.344410117058416,1.9695972334695016,Normal
229.98198730454715,14.677271253980939,25.116726465870105,2.9268668857519584,Normal
224.2081765540373,13.58085541409355,43.41751587666152,4.20422896929564,Normal
237.51699150883576,13.00394032564056,54.53508712554468,1.2296170612838764,Normal
234.38681145287836,13.47313731969999,40.177059657453206,0.7698617562419121,Normal
228.8951791308517,16.745838373541574,50.58984221589597,2.192560234532626,Normal
230.13442919497265,13.740189490563175,54.46872500802698,3.1447596114522973,Normal
231.04191403973778,14.690150796327448,46.57450799142235,1.0595397102142428,Normal
219.79132565787856,16.401472570265796,51.70463770996571,2.034624738759246,Normal
228.76411308739702,14.443217658378043,40.372674347153875,3.37004366117099,Normal
226.590078760011,16.266722629687305,47.93388720303953,0.3671221615096276,Normal
224.9918999505254,11.918413915138267,56.10216169589223,2.2353179614390997,Normal
228.59449853557024,14.734966640916207,51.569729609684344,1.4598969064012153,Normal
238.9884326342476,15.157792193197018,44.13468730436065,2.124156590971303,Normal
233.20421430633505,15.046277446196335,52.24216404290793,2.7097842905836877,Normal
227.14410505108603,11.694162604322232,57.14609790636618,2.2208085078880915,Normal
232.8629139067808,17.40622529286161,29.50058721422522,0.9897775978881449,Normal
210.0,5.0,100.0,7.0,Fault
250.0,5.0,100.0,6.0,Fault
210.0,25.0,100.0,7.0,Fault
250.0,5.0,100.0,6.0,Fault
210.0,5.0,100.0,6.0,Fault
210.0,5.0,100.0,6.0,Fault
210.0,5.0,90.0,6.0,Fault
210.0,25.0,90.0,6.0,Fault
250.0,25.0,90.0,7.0,Fault
210.0,25.0,90.0,7.0,Fault
250.0,25.0,90.0,6.0,Fault
210.0,25.0,100.0,6.0,Fault
210.0,25.0,90.0,6.0,Fault
210.0,25.0,90.0,7.0,Fault
250.0,25.0,100.0,7.0,Fault
210.0,25.0,100.0,6.0,Fault
250.0,25.0,90.0,7.0,Fault
250.0,25.0,100.0,7.0,Fault
250.0,25.0,100.0,6.0,Fault
250.0,25.0,100.0,6.0,Fault
250.0,25.0,100.0,7.0,Fault
250.0,25.0,90.0,7.0,Fault
250.0,25.0,100.0,7.0,Fault
250.0,5.0,90.0,6.0,Fault
250.0,25.0,90.0,6.0,Fault
210.0,5.0,100.0,6.0,Fault
210.0,25.0,100.0,7.0,Fault
210.0,25.0,100.0,7.0,Fault
210.0,5.0,90.0,6.0,Fault
210.0,25.0,100.0,7.0,Fault
250.0,5.0,100.0,6.0,Fault
250.0,5.0,100.0,7.0,Fault
250.0,5.0,100.0,6.0,Fault
250.0,25.0,100.0,7.0,Fault
250.0,25.0,90.0,7.0,Fault
250.0,25.0,100.0,6.0,Fault
250.0,5.0,100.0,6.0,Fault
210.0,5.0,100.0,6.0,Fault
210.0,25.0,90.0,6.0,Fault
210.0,25.0,100.0,6.0,Fault
210.0,25.0,90.0,7.0,Fault
250.0,25.0,90.0,6.0,Fault
250.0,25.0,100.0,6.0,Fault
250.0,5.0,100.0,6.0,Fault
210.0,5.0,100.0,6.0,Fault
250.0,5.0,90.0,6.0,Fault
250.0,25.0,90.0,7.0,Fault
250.0,5.0,90.0,6.0,Fault
210.0,5.0,90.0,6.0,Fault
250.0,5.0,90.0,6.0,Fault
